"Time","avg(water_surface)"
0,10
1,10
2,10
3,10
4,10
5,10
6,10
7,10
8,10
9,10
10,10
11,10
12,10
13,10
14,10
15,10
16,9.9995
17,9.9951
18,9.9744
19,9.9213
20,9.8352
21,9.7344
22,9.6409
23,9.569
24,9.5225
25,9.4972
26,9.4857
27,9.4816
28,9.4805
29,9.4803
30,9.48
31,9.4797
32,9.4797
33,9.4797
34,9.4797
35,9.4798
36,9.4799
37,9.4801
38,9.4804
39,9.4806
40,9.4816
41,9.4861
42,9.5011
43,9.54
44,9.6178
45,9.7313
46,9.8448
47,9.9227
48,9.9621
49,9.9784
50,9.9843
51,9.9864
52,9.987
53,9.987
54,9.9867
55,9.9867
56,9.9872
57,9.9876
58,9.9877
59,9.9875
60,9.9873
61,9.9874
62,9.9873
63,9.987
64,9.9872
65,9.9882
66,9.99
67,9.9922
68,9.9942
69,9.9959
70,9.9972
71,9.9981
72,9.9987
73,9.999
74,9.9992
75,9.9993
76,9.9993
77,9.9992
78,9.9991
79,9.9991
80,9.9991
81,9.9992
82,9.9992
83,9.9992
84,9.9992
85,9.9992
86,9.9992
87,9.9993
88,9.9994
89,9.9994
90,9.9994
91,9.9994
92,9.9995
93,9.9996
94,9.9997
95,9.9997
96,9.9997
97,9.9998
98,9.9998
99,9.9997
100,9.9997
101,9.9996
102,9.9995
103,9.9995
104,9.9995
105,9.9996
106,9.9996
107,9.9996
108,9.9997
109,9.9997
110,9.9997
111,9.9997
112,9.9996
113,9.9996
114,9.9996
115,9.9995
116,9.9995
117,9.9996
118,9.9996
119,9.9997
120,9.9997
121,9.9997
122,9.9997
123,9.9997
124,9.9997
125,9.9997
126,9.9997
127,9.9997
128,9.9997
129,9.9997
130,9.9998
131,9.9998
132,9.9999
133,9.9999
134,9.9999
135,9.9999
136,9.9998
137,9.9998
138,9.9997
139,9.9997
140,9.9997
141,9.9998
142,9.9998
143,9.9999
144,9.9999
145,9.9998
146,9.9998
147,9.9997
148,9.9997
149,9.9997
150,9.9997
151,9.9998
152,9.9998
153,9.9999
154,9.9999
155,9.9999
156,10
157,10
158,9.9999
159,9.9999
160,9.9999
161,9.9998
162,9.9997
163,9.9997
164,9.9996
165,9.9996
166,9.9996
167,9.9996
168,9.9996
169,9.9996
170,9.9996
171,9.9997
172,9.9997
173,9.9998
174,9.9998
175,9.9999
176,9.9999
177,9.9999
178,9.9999
179,9.9998
180,9.9998
181,9.9998
182,9.9998
183,9.9997
184,9.9997
185,9.9997
186,9.9997
187,9.9997
188,9.9997
189,9.9997
190,9.9997
191,9.9997
192,9.9997
193,9.9997
194,9.9998
195,9.9998
196,9.9998
197,9.9998
198,9.9998
199,9.9997
200,9.9997
201,9.9996
202,9.9996
203,9.9996
204,9.9997
205,9.9997
206,9.9998
207,9.9998
208,9.9998
209,9.9998
210,9.9998
211,9.9998
212,9.9997
213,9.9997
214,9.9998
215,9.9998
216,9.9998
217,9.9998
218,9.9999
219,9.9999
220,9.9999
221,9.9999
222,9.9999
223,9.9999
224,9.9998
225,9.9998
226,9.9998
227,9.9998
228,9.9998
229,9.9998
230,9.9998
231,9.9998
232,9.9997
233,9.9997
234,9.9997
235,9.9997
236,9.9997
237,9.9997
238,9.9997
239,9.9998
240,9.9998
241,9.9998
242,9.9998
243,9.9998
244,9.9998
245,9.9998
246,9.9998
247,9.9998
248,9.9997
249,9.9997
250,9.9997
251,9.9997
252,9.9998
253,9.9998
254,9.9998
255,9.9998
256,9.9998
257,9.9998
258,9.9998
259,9.9997
260,9.9997
261,9.9997
262,9.9997
263,9.9996
264,9.9996
265,9.9996
266,9.9996
267,9.9996
268,9.9997
269,9.9997
270,9.9997
271,9.9998
272,9.9999
273,9.9999
274,10
275,10
276,10
277,10
278,9.9999
279,9.9999
280,9.9999
281,9.9999
282,9.9999
283,9.9999
284,9.9999
285,9.9999
286,10
287,10
288,10
289,9.9999
290,9.9999
291,9.9999
292,9.9998
293,9.9998
294,9.9997
295,9.9997
296,9.9997
297,9.9996
298,9.9996
299,9.9997
300,9.9997
301,9.9997
302,9.9998
303,9.9998
304,9.9998
305,9.9999
306,9.9998
307,9.9998
308,9.9998
309,9.9998
310,9.9997
311,9.9997
312,9.9997
313,9.9997
314,9.9997
315,9.9997
316,9.9997
317,9.9997
318,9.9997
319,9.9998
320,9.9998
321,9.9998
322,9.9999
323,9.9999
324,9.9999
325,9.9999
326,9.9999
327,9.9999
328,9.9999
329,9.9999
330,9.9999
331,9.9999
332,9.9998
333,9.9998
334,9.9998
335,9.9997
336,9.9997
337,9.9997
338,9.9998
339,9.9998
340,9.9998
341,9.9998
342,9.9999
343,9.9999
344,9.9999
345,9.9999
346,9.9999
347,9.9999
348,9.9998
349,9.9998
350,9.9998
351,9.9997
352,9.9997
353,9.9997
354,9.9998
355,9.9998
356,9.9998
357,9.9999
358,9.9999
359,9.9999
360,10
361,10
362,10
363,9.9999
364,9.9999
365,9.9999
366,9.9998
367,9.9998
368,9.9997
369,9.9996
370,9.9996
371,9.9995
372,9.9995
373,9.9995
374,9.9995
375,9.9995
376,9.9995
377,9.9995
378,9.9995
379,9.9995
380,9.9996
381,9.9996
382,9.9996
383,9.9997
384,9.9997
385,9.9998
386,9.9998
387,9.9999
388,9.9999
389,9.9999
390,10
391,10
392,10
393,10
394,10
395,10
396,10
397,10
398,10
399,10
400,10
401,10
402,10
403,10
404,10
405,10
406,10
407,9.9999
408,9.9999
409,9.9999
410,9.9998
411,9.9998
412,9.9997
413,9.9997
414,9.9997
415,9.9997
416,9.9997
417,9.9997
418,9.9997
419,9.9997
420,9.9998
421,9.9998
422,9.9998
423,9.9999
424,9.9999
425,9.9999
426,9.9998
427,9.9998
428,9.9998
429,9.9998
430,9.9997
431,9.9997
432,9.9997
433,9.9997
434,9.9997
435,9.9997
436,9.9997
437,9.9997
438,9.9998
439,9.9998
440,9.9998
441,9.9999
442,9.9999
443,9.9999
444,9.9999
445,10
446,10
447,10
448,10
449,9.9999
450,9.9999
451,9.9999
452,9.9999
453,9.9999
454,9.9999
455,9.9998
456,9.9998
457,9.9998
458,9.9998
459,9.9998
460,9.9998
461,9.9998
462,9.9998
463,9.9998
464,9.9998
465,9.9998
466,9.9998
467,9.9998
468,9.9999
469,9.9999
470,9.9999
471,9.9999
472,9.9999
473,9.9999
474,9.9998
475,9.9998
476,9.9998
477,9.9998
478,9.9998
479,9.9998
480,9.9998
481,9.9998
482,9.9998
483,9.9998
484,9.9998
485,9.9998
486,9.9998
487,9.9998
488,9.9998
489,9.9998
490,9.9998
491,9.9998
492,9.9998
493,9.9998
494,9.9998
495,9.9998
496,9.9998
497,9.9998
498,9.9998
499,9.9998
500,9.9998
501,9.9998
502,9.9998
503,9.9998
504,9.9998
505,9.9998
506,9.9998
507,9.9999
508,9.9999
509,9.9999
510,9.9999
511,9.9999
512,9.9999
513,9.9999
514,9.9999
515,9.9998
516,9.9998
517,9.9998
518,9.9998
519,9.9998
520,9.9998
521,9.9998
522,9.9998
523,9.9998
524,9.9998
525,9.9998
526,9.9998
527,9.9998
528,9.9998
529,9.9998
530,9.9998
531,9.9998
532,9.9998
533,9.9997
534,9.9997
535,9.9997
536,9.9997
537,9.9997
538,9.9997
539,9.9997
540,9.9998
